[
    {"id": 1, "nombre": "Harina de trigo", "costo": 100.00},
    {"id": 2, "nombre": "Azúcar", "costo": 60.00},
    {"id": 3, "nombre": "Levadura seca", "costo": 50.00},
    {"id": 4, "nombre": "Sal", "costo": 10.00},
    {"id": 5, "nombre": "Mantequilla", "costo": 250.00},
    {"id": 6, "nombre": "Leche", "costo": 80.00},
    {"id": 7, "nombre": "Huevos", "costo": 30.00},
    {"id": 8, "nombre": "Extracto de vainilla", "costo": 150.00},
    {"id": 9, "nombre": "Chocolate en polvo", "costo": 200.00},
    {"id": 10, "nombre": "Frutas deshidratadas", "costo": 300.00},
    {"id": 11, "nombre": "Nueces", "costo": 400.00},
    {"id": 12, "nombre": "Glaseado", "costo": 120.00},
    {"id": 13, "nombre": "Miel", "costo": 180.00},
    {"id": 14, "nombre": "Cocoa en polvo", "costo": 210.00},
    {"id": 15, "nombre": "Margarina", "costo": 90.00},
    {"id": 16, "nombre": "Crema de leche", "costo": 140.00},
    {"id": 17, "nombre": "Aceite vegetal", "costo": 100.00},
    {"id": 18, "nombre": "Esencia de almendra", "costo": 160.00},
    {"id": 19, "nombre": "Yogur", "costo": 50.00},
    {"id": 20, "nombre": "Pasta de almendra", "costo": 220.00},
    {"id": 21, "nombre": "Frutos rojos", "costo": 350.00},
    {"id": 22, "nombre": "Chips de chocolate", "costo": 180.00},
    {"id": 23, "nombre": "Cereal", "costo": 120.00},
    {"id": 24, "nombre": "Semillas de sésamo", "costo": 90.00},
    {"id": 25, "nombre": "Especias (canela, clavo)", "costo": 70.00},
    {"id": 26, "nombre": "Leche condensada", "costo": 200.00},
    {"id": 27, "nombre": "Harina integral", "costo": 110.00},
    {"id": 28, "nombre": "Harina de maíz", "costo": 95.00},
    {"id": 29, "nombre": "Puré de manzana", "costo": 120.00},
    {"id": 30, "nombre": "Gelatina", "costo": 30.00},
    {"id": 31, "nombre": "Coco rallado", "costo": 150.00},
    {"id": 32, "nombre": "Azúcar impalpable", "costo": 70.00},
    {"id": 33, "nombre": "Almidón de maíz", "costo": 50.00},
    {"id": 34, "nombre": "Té verde", "costo": 60.00},
    {"id": 35, "nombre": "Té negro", "costo": 60.00},
    {"id": 36, "nombre": "Café", "costo": 150.00},
    {"id": 37, "nombre": "Bicarbonato de sodio", "costo": 20.00},
    {"id": 38, "nombre": "Polvo de hornear", "costo": 30.00},
    {"id": 39, "nombre": "Pasta de cacao", "costo": 250.00},
    {"id": 40, "nombre": "Fideos", "costo": 80.00},
    {"id": 41, "nombre": "Sirope de arce", "costo": 300.00},
    {"id": 42, "nombre": "Crema pastelera", "costo": 150.00},
    {"id": 43, "nombre": "Merengue", "costo": 70.00},
    {"id": 44, "nombre": "Nata montada", "costo": 120.00},
    {"id": 45, "nombre": "Cereza en almíbar", "costo": 200.00},
    {"id": 46, "nombre": "Pasas", "costo": 150.00},
    {"id": 47, "nombre": "Aceitunas", "costo": 100.00},
    {"id": 48, "nombre": "Puré de tomate", "costo": 80.00},
    {"id": 49, "nombre": "Salsa de soja", "costo": 90.00},
    {"id": 50, "nombre": "Vinagre", "costo": 50.00},
    {"id": 51, "nombre": "Mostaza", "costo": 40.00},
    {"id": 52, "nombre": "Ketchup", "costo": 60.00},
    {"id": 53, "nombre": "Mayonesa", "costo": 80.00},
    {"id": 54, "nombre": "Pan de molde", "costo": 120.00},
    {"id": 55, "nombre": "Pan integral", "costo": 140.00},
    {"id": 56, "nombre": "Bollos", "costo": 150.00},
    {"id": 57, "nombre": "Pan de centeno", "costo": 160.00},
    {"id": 58, "nombre": "Bagels", "costo": 180.00},
    {"id": 59, "nombre": "Pasta", "costo": 120.00},
    {"id": 60, "nombre": "Pizza", "costo": 200.00},
    {"id": 61, "nombre": "Tortillas", "costo": 150.00},
    {"id": 62, "nombre": "Brioche", "costo": 220.00},
    {"id": 63, "nombre": "Pasta para tarta", "costo": 100.00},
    {"id": 64, "nombre": "Tarta de frutas", "costo": 300.00},
    {"id": 65, "nombre": "Tarta de chocolate", "costo": 350.00},
    {"id": 66, "nombre": "Tarta de queso", "costo": 400.00},
    {"id": 67, "nombre": "Galletas", "costo": 100.00},
    {"id": 68, "nombre": "Muffins", "costo": 120.00},
    {"id": 69, "nombre": "Brownies", "costo": 150.00},
    {"id": 70, "nombre": "Cupcakes", "costo": 180.00},
    {"id": 71, "nombre": "Pudín", "costo": 90.00},
    {"id": 72, "nombre": "Bizcochos", "costo": 70.00},
    {"id": 73, "nombre": "Tortas", "costo": 250.00},
    {"id": 74, "nombre": "Tortas de cumpleaños", "costo": 500.00},
    {"id": 75, "nombre": "Galletitas de té", "costo": 90.00},
    {"id": 76, "nombre": "Galletas saladas", "costo": 80.00},
    {"id": 77, "nombre": "Focaccia", "costo": 150.00},
    {"id": 78, "nombre": "Pan de ajo", "costo": 120.00},
    {"id": 79, "nombre": "Pan de pita", "costo": 100.00},
    {"id": 80, "nombre": "Pan de chocolate", "costo": 200.00},
    {"id": 81, "nombre": "Galletas de avena", "costo": 90.00},
    {"id": 82, "nombre": "Galletas de jengibre", "costo": 100.00},
    {"id": 83, "nombre": "Galletas de mantequilla", "costo": 110.00},
    {"id": 84, "nombre": "Galletas de limón", "costo": 90.00},
    {"id": 85, "nombre": "Galletas de cacao", "costo": 120.00},
    {"id": 86, "nombre": "Tortas fritas", "costo": 80.00},
    {"id": 87, "nombre": "Tortas de ricota", "costo": 250.00},
    {"id": 88, "nombre": "Pasta de frutilla", "costo": 300.00},
    {"id": 89, "nombre": "Pasta de durazno", "costo": 300.00},
    {"id": 90, "nombre": "Pasta de limón", "costo": 250.00},
    {"id": 91, "nombre": "Pasta de naranja", "costo": 250.00},
    {"id": 92, "nombre": "Pasta de manzana", "costo": 200.00},
    {"id": 93, "nombre": "Sirope de fresa", "costo": 250.00},
    {"id": 94, "nombre": "Sirope de frambuesa", "costo": 250.00},
    {"id": 95, "nombre": "Sirope de caramelo", "costo": 300.00},
    {"id": 96, "nombre": "Sirope de chocolate", "costo": 300.00},
    {"id": 97, "nombre": "Sirope de menta", "costo": 250.00},
    {"id": 98, "nombre": "Sirope de limón", "costo": 250.00},
    {"id": 99, "nombre": "Sirope de naranja", "costo": 250.00},
    {"id": 100, "nombre": "Sirope de durazno", "costo": 250.00},
    {"id": 101, "nombre": "Sirope de arándano", "costo": 300.00},
    {"id": 102, "nombre": "Sirope de uva", "costo": 250.00},
    {"id": 103, "nombre": "Sirope de café", "costo": 300.00},
    {"id": 104, "nombre": "Sirope de avellanas", "costo": 300.00},
    {"id": 105, "nombre": "Sirope de caramelo salado", "costo": 350.00},
    {"id": 106, "nombre": "Sirope de chocolate blanco", "costo": 300.00},
    {"id": 107, "nombre": "Sirope de almendra", "costo": 300.00},
    {"id": 108, "nombre": "Limonada", "costo": 80.00},
    {"id": 109, "nombre": "Jugo de naranja", "costo": 70.00},
    {"id": 110, "nombre": "Jugo de manzana", "costo": 70.00},
    {"id": 111, "nombre": "Jugo de durazno", "costo": 70.00},
    {"id": 112, "nombre": "Jugo de piña", "costo": 80.00},
    {"id": 113, "nombre": "Agua con gas", "costo": 30.00},
    {"id": 114, "nombre": "Agua sin gas", "costo": 20.00},
    {"id": 115, "nombre": "Té helado", "costo": 60.00},
    {"id": 116, "nombre": "Café helado", "costo": 80.00},
    {"id": 117, "nombre": "Batido de frutas", "costo": 150.00},
    {"id": 118, "nombre": "Smoothie", "costo": 200.00},
    {"id": 119, "nombre": "Lassi", "costo": 150.00},
    {"id": 120, "nombre": "Bebida de soja", "costo": 80.00},
    {"id": 121, "nombre": "Bebida de almendra", "costo": 100.00},
    {"id": 122, "nombre": "Bebida de avena", "costo": 90.00},
    {"id": 123, "nombre": "Bebida de coco", "costo": 120.00},
    {"id": 124, "nombre": "Bebida de arroz", "costo": 80.00},
    {"id": 125, "nombre": "Bebida de chía", "costo": 150.00},
    {"id": 126, "nombre": "Bebida de maca", "costo": 180.00},
    {"id": 127, "nombre": "Bebida de cúrcuma", "costo": 150.00},
    {"id": 128, "nombre": "Bebida de jengibre", "costo": 120.00},
    {"id": 129, "nombre": "Bebida de hibisco", "costo": 130.00},
    {"id": 130, "nombre": "Bebida de menta", "costo": 100.00},
    {"id": 131, "nombre": "Bebida de lavanda", "costo": 150.00},
    {"id": 132, "nombre": "Bebida de rosa mosqueta", "costo": 180.00},
    {"id": 133, "nombre": "Bebida de pimiento", "costo": 200.00},
    {"id": 134, "nombre": "Bebida de remolacha", "costo": 200.00},
    {"id": 135, "nombre": "Bebida de zanahoria", "costo": 150.00},
    {"id": 136, "nombre": "Bebida de pepino", "costo": 120.00},
    {"id": 137, "nombre": "Bebida de espinaca", "costo": 180.00},
    {"id": 138, "nombre": "Bebida de col rizada", "costo": 200.00},
    {"id": 139, "nombre": "Bebida de albahaca", "costo": 150.00},
    {"id": 140, "nombre": "Bebida de cilantro", "costo": 150.00},
    {"id": 141, "nombre": "Bebida de perejil", "costo": 100.00},
    {"id": 142, "nombre": "Bebida de jengibre y limón", "costo": 180.00},
    {"id": 143, "nombre": "Bebida de manzana y canela", "costo": 200.00},
    {"id": 144, "nombre": "Bebida de plátano y fresa", "costo": 200.00},
    {"id": 145, "nombre": "Bebida de piña y coco", "costo": 250.00},
    {"id": 146, "nombre": "Bebida de naranja y zanahoria", "costo": 200.00},
    {"id": 147, "nombre": "Bebida de melón", "costo": 200.00},
    {"id": 148, "nombre": "Bebida de frutas tropicales", "costo": 250.00},
    {"id": 149, "nombre": "Bebida de frutas del bosque", "costo": 250.00},
    {"id": 150, "nombre": "Bebida de frutas cítricas", "costo": 250.00},
    {"id": 151, "nombre": "Bebida de frutas exóticas", "costo": 300.00},
    {"id": 152, "nombre": "Bebida de frutas de temporada", "costo": 200.00},
    {"id": 153, "nombre": "Bebida de frutas congeladas", "costo": 250.00},
    {"id": 154, "nombre": "Bebida de frutas frescas", "costo": 300.00},
    {"id": 155, "nombre": "Bebida de frutas deshidratadas", "costo": 250.00},
    {"id": 156, "nombre": "Bebida de frutas en almíbar", "costo": 300.00}

]